question,answer
What is diabetes?,Diabetes is a medical condition affecting human health.
What is diabetes?,Diabetes is a medical condition affecting human health.
What is diabetes?,Diabetes is a medical condition affecting human health.
What is diabetes?,Diabetes is a medical condition affecting human health.
What is diabetes?,Diabetes is a medical condition affecting human health.
What is diabetes?,Diabetes is a medical condition affecting human health.
What is diabetes?,Diabetes is a medical condition affecting human health.
What is diabetes?,Diabetes is a medical condition affecting human health.
What is diabetes?,Diabetes is a medical condition affecting human health.
What is diabetes?,Diabetes is a medical condition affecting human health.
What is hypertension?,Hypertension is a medical condition affecting human health.
What is hypertension?,Hypertension is a medical condition affecting human health.
What is hypertension?,Hypertension is a medical condition affecting human health.
What is hypertension?,Hypertension is a medical condition affecting human health.
What is hypertension?,Hypertension is a medical condition affecting human health.
What is hypertension?,Hypertension is a medical condition affecting human health.
What is hypertension?,Hypertension is a medical condition affecting human health.
What is hypertension?,Hypertension is a medical condition affecting human health.
What is hypertension?,Hypertension is a medical condition affecting human health.
What is hypertension?,Hypertension is a medical condition affecting human health.
What is anemia?,Anemia is a medical condition affecting human health.
What is anemia?,Anemia is a medical condition affecting human health.
What is anemia?,Anemia is a medical condition affecting human health.
What is anemia?,Anemia is a medical condition affecting human health.
What is anemia?,Anemia is a medical condition affecting human health.
What is anemia?,Anemia is a medical condition affecting human health.
What is anemia?,Anemia is a medical condition affecting human health.
What is anemia?,Anemia is a medical condition affecting human health.
What is anemia?,Anemia is a medical condition affecting human health.
What is anemia?,Anemia is a medical condition affecting human health.
What is cholesterol?,Cholesterol is a medical condition affecting human health.
What is cholesterol?,Cholesterol is a medical condition affecting human health.
What is cholesterol?,Cholesterol is a medical condition affecting human health.
What is cholesterol?,Cholesterol is a medical condition affecting human health.
What is cholesterol?,Cholesterol is a medical condition affecting human health.
What is cholesterol?,Cholesterol is a medical condition affecting human health.
What is cholesterol?,Cholesterol is a medical condition affecting human health.
What is cholesterol?,Cholesterol is a medical condition affecting human health.
What is cholesterol?,Cholesterol is a medical condition affecting human health.
What is cholesterol?,Cholesterol is a medical condition affecting human health.
What is asthma?,Asthma is a medical condition affecting human health.
What is asthma?,Asthma is a medical condition affecting human health.
What is asthma?,Asthma is a medical condition affecting human health.
What is asthma?,Asthma is a medical condition affecting human health.
What is asthma?,Asthma is a medical condition affecting human health.
What is asthma?,Asthma is a medical condition affecting human health.
What is asthma?,Asthma is a medical condition affecting human health.
What is asthma?,Asthma is a medical condition affecting human health.
What is asthma?,Asthma is a medical condition affecting human health.
What is asthma?,Asthma is a medical condition affecting human health.
What is arthritis?,Arthritis is a medical condition affecting human health.
What is arthritis?,Arthritis is a medical condition affecting human health.
What is arthritis?,Arthritis is a medical condition affecting human health.
What is arthritis?,Arthritis is a medical condition affecting human health.
What is arthritis?,Arthritis is a medical condition affecting human health.
What is arthritis?,Arthritis is a medical condition affecting human health.
What is arthritis?,Arthritis is a medical condition affecting human health.
What is arthritis?,Arthritis is a medical condition affecting human health.
What is arthritis?,Arthritis is a medical condition affecting human health.
What is arthritis?,Arthritis is a medical condition affecting human health.
What is migraine?,Migraine is a medical condition affecting human health.
What is migraine?,Migraine is a medical condition affecting human health.
What is migraine?,Migraine is a medical condition affecting human health.
What is migraine?,Migraine is a medical condition affecting human health.
What is migraine?,Migraine is a medical condition affecting human health.
What is migraine?,Migraine is a medical condition affecting human health.
What is migraine?,Migraine is a medical condition affecting human health.
What is migraine?,Migraine is a medical condition affecting human health.
What is migraine?,Migraine is a medical condition affecting human health.
What is migraine?,Migraine is a medical condition affecting human health.
What is obesity?,Obesity is a medical condition affecting human health.
What is obesity?,Obesity is a medical condition affecting human health.
What is obesity?,Obesity is a medical condition affecting human health.
What is obesity?,Obesity is a medical condition affecting human health.
What is obesity?,Obesity is a medical condition affecting human health.
What is obesity?,Obesity is a medical condition affecting human health.
What is obesity?,Obesity is a medical condition affecting human health.
What is obesity?,Obesity is a medical condition affecting human health.
What is obesity?,Obesity is a medical condition affecting human health.
What is obesity?,Obesity is a medical condition affecting human health.
What is depression?,Depression is a medical condition affecting human health.
What is depression?,Depression is a medical condition affecting human health.
What is depression?,Depression is a medical condition affecting human health.
What is depression?,Depression is a medical condition affecting human health.
What is depression?,Depression is a medical condition affecting human health.
What is depression?,Depression is a medical condition affecting human health.
What is depression?,Depression is a medical condition affecting human health.
What is depression?,Depression is a medical condition affecting human health.
What is depression?,Depression is a medical condition affecting human health.
What is depression?,Depression is a medical condition affecting human health.
What is allergy?,Allergy is a medical condition affecting human health.
What is allergy?,Allergy is a medical condition affecting human health.
What is allergy?,Allergy is a medical condition affecting human health.
What is allergy?,Allergy is a medical condition affecting human health.
What is allergy?,Allergy is a medical condition affecting human health.
What is allergy?,Allergy is a medical condition affecting human health.
What is allergy?,Allergy is a medical condition affecting human health.
What is allergy?,Allergy is a medical condition affecting human health.
What is allergy?,Allergy is a medical condition affecting human health.
What is allergy?,Allergy is a medical condition affecting human health.
